{
    "name": "root",
    "gauges": {
        "CarDriver.Policy.Entropy.mean": {
            "value": 1.4210710525512695,
            "min": 1.4192248582839966,
            "max": 1.42401921749115,
            "count": 4
        },
        "CarDriver.Policy.Entropy.sum": {
            "value": 14375.5546875,
            "min": 14201.744140625,
            "max": 14375.5546875,
            "count": 4
        },
        "CarDriver.Environment.EpisodeLength.mean": {
            "value": 102.78947368421052,
            "min": 30.068535825545172,
            "max": 232.37209302325581,
            "count": 4
        },
        "CarDriver.Environment.EpisodeLength.sum": {
            "value": 9765.0,
            "min": 9652.0,
            "max": 9992.0,
            "count": 4
        },
        "CarDriver.Step.mean": {
            "value": 39861.0,
            "min": 9801.0,
            "max": 39861.0,
            "count": 4
        },
        "CarDriver.Step.sum": {
            "value": 39861.0,
            "min": 9801.0,
            "max": 39861.0,
            "count": 4
        },
        "CarDriver.Policy.ExtrinsicValueEstimate.mean": {
            "value": -1.7745375633239746,
            "min": -1.7745375633239746,
            "max": 0.05329195410013199,
            "count": 4
        },
        "CarDriver.Policy.ExtrinsicValueEstimate.sum": {
            "value": -207.6208953857422,
            "min": -274.08966064453125,
            "max": 2.9310574531555176,
            "count": 4
        },
        "CarDriver.Environment.CumulativeReward.mean": {
            "value": -5.030493537584941,
            "min": -5.030493537584941,
            "max": -1.8779156534444719,
            "count": 4
        },
        "CarDriver.Environment.CumulativeReward.sum": {
            "value": -482.9273796081543,
            "min": -1551.0936908721924,
            "max": -78.87245744466782,
            "count": 4
        },
        "CarDriver.Policy.ExtrinsicReward.mean": {
            "value": -5.030493537584941,
            "min": -5.030493537584941,
            "max": -1.8779156534444719,
            "count": 4
        },
        "CarDriver.Policy.ExtrinsicReward.sum": {
            "value": -482.9273796081543,
            "min": -1551.0936908721924,
            "max": -78.87245744466782,
            "count": 4
        },
        "CarDriver.Losses.PolicyLoss.mean": {
            "value": 0.022212001592076074,
            "min": 0.022212001592076074,
            "max": 0.028206282566922408,
            "count": 4
        },
        "CarDriver.Losses.PolicyLoss.sum": {
            "value": 0.022212001592076074,
            "min": 0.022212001592076074,
            "max": 0.028206282566922408,
            "count": 4
        },
        "CarDriver.Losses.ValueLoss.mean": {
            "value": 0.8189082344373068,
            "min": 0.02107927428248028,
            "max": 1.056507666905721,
            "count": 4
        },
        "CarDriver.Losses.ValueLoss.sum": {
            "value": 0.8189082344373068,
            "min": 0.02107927428248028,
            "max": 1.056507666905721,
            "count": 4
        },
        "CarDriver.Policy.LearningRate.mean": {
            "value": 0.0002979984006672,
            "min": 0.0002979984006672,
            "max": 0.00029949612016795995,
            "count": 4
        },
        "CarDriver.Policy.LearningRate.sum": {
            "value": 0.0002979984006672,
            "min": 0.0002979984006672,
            "max": 0.00029949612016795995,
            "count": 4
        },
        "CarDriver.Policy.Epsilon.mean": {
            "value": 0.1993328,
            "min": 0.1993328,
            "max": 0.19983204000000002,
            "count": 4
        },
        "CarDriver.Policy.Epsilon.sum": {
            "value": 0.1993328,
            "min": 0.1993328,
            "max": 0.19983204000000002,
            "count": 4
        },
        "CarDriver.Policy.Beta.mean": {
            "value": 0.00794669072,
            "min": 0.00794669072,
            "max": 0.007986579996,
            "count": 4
        },
        "CarDriver.Policy.Beta.sum": {
            "value": 0.00794669072,
            "min": 0.00794669072,
            "max": 0.007986579996,
            "count": 4
        },
        "CarDriver.IsTraining.mean": {
            "value": 1.0,
            "min": 1.0,
            "max": 1.0,
            "count": 4
        },
        "CarDriver.IsTraining.sum": {
            "value": 1.0,
            "min": 1.0,
            "max": 1.0,
            "count": 4
        }
    },
    "metadata": {
        "timer_format_version": "0.1.0",
        "start_time_seconds": "1777975665",
        "python_version": "3.10.11 (main, Apr 28 2026, 11:02:17) [Clang 21.0.0 (clang-2100.0.123.102)]",
        "command_line_arguments": "/Users/wiktorpiwowar/.pyenv/versions/3.10.11/bin/mlagents-learn car_training.yaml --run-id=CarRun01",
        "mlagents_version": "1.1.0",
        "mlagents_envs_version": "1.1.0",
        "communication_protocol_version": "1.5.0",
        "pytorch_version": "2.11.0",
        "numpy_version": "1.23.5",
        "end_time_seconds": "1777976275"
    },
    "total": 609.9798621249938,
    "count": 1,
    "self": 0.002880541986087337,
    "children": {
        "run_training.setup": {
            "total": 0.01738637499511242,
            "count": 1,
            "self": 0.01738637499511242
        },
        "TrainerController.start_learning": {
            "total": 609.9595952080126,
            "count": 1,
            "self": 0.27354262610606384,
            "children": {
                "TrainerController._reset_env": {
                    "total": 5.634407833000296,
                    "count": 1,
                    "self": 5.634407833000296
                },
                "TrainerController.advance": {
                    "total": 602.9796729979134,
                    "count": 42991,
                    "self": 0.27625512251688633,
                    "children": {
                        "env_step": {
                            "total": 598.490696771245,
                            "count": 42991,
                            "self": 590.5142489867285,
                            "children": {
                                "SubprocessEnvManager._take_step": {
                                    "total": 7.793465570604894,
                                    "count": 42991,
                                    "self": 0.5857769132853718,
                                    "children": {
                                        "TorchPolicy.evaluate": {
                                            "total": 7.2076886573195225,
                                            "count": 42505,
                                            "self": 7.2076886573195225
                                        }
                                    }
                                },
                                "workers": {
                                    "total": 0.1829822139116004,
                                    "count": 42990,
                                    "self": 0.0,
                                    "children": {
                                        "worker_root": {
                                            "total": 597.8783365909476,
                                            "count": 42990,
                                            "is_parallel": true,
                                            "self": 24.100735993648414,
                                            "children": {
                                                "steps_from_proto": {
                                                    "total": 0.0006409580091712996,
                                                    "count": 1,
                                                    "is_parallel": true,
                                                    "self": 9.991602564696223e-05,