{
    "name": "root",
    "gauges": {
        "CarDriver.Policy.Entropy.mean": {
            "value": 1.1540086269378662,
            "min": 1.1540086269378662,
            "max": 1.1547774076461792,
            "count": 3
        },
        "CarDriver.Policy.Entropy.sum": {
            "value": 11523.9296875,
            "min": 3142.14404296875,
            "max": 11593.96484375,
            "count": 3
        },
        "CarDriver.Step.mean": {
            "value": 819975.0,
            "min": 799952.0,
            "max": 819975.0,
            "count": 3
        },
        "CarDriver.Step.sum": {
            "value": 819975.0,
            "min": 799952.0,
            "max": 819975.0,
            "count": 3
        },
        "CarDriver.Policy.ExtrinsicValueEstimate.mean": {
            "value": -1.7381449937820435,
            "min": -1.7381449937820435,
            "max": 10.002132415771484,
            "count": 3
        },
        "CarDriver.Policy.ExtrinsicValueEstimate.sum": {
            "value": -302.4372253417969,
            "min": -302.4372253417969,
            "max": 896.8624267578125,
            "count": 3
        },
        "CarDriver.Environment.EpisodeLength.mean": {
            "value": 113.7816091954023,
            "min": 112.41666666666667,
            "max": 113.7816091954023,
            "count": 3
        },
        "CarDriver.Environment.EpisodeLength.sum": {
            "value": 9899.0,
            "min": 2698.0,
            "max": 9952.0,
            "count": 3
        },
        "CarDriver.Environment.CumulativeReward.mean": {
            "value": -10.555634422891442,
            "min": -10.555634422891442,
            "max": -10.548203678234763,
            "count": 3
        },
        "CarDriver.Environment.CumulativeReward.sum": {
            "value": -918.3401947915554,
            "min": -928.5585290193558,
            "max": -242.60868459939957,
            "count": 3
        },
        "CarDriver.Policy.ExtrinsicReward.mean": {
            "value": -10.555634422891442,
            "min": -10.555634422891442,
            "max": -10.548203678234763,
            "count": 3
        },
        "CarDriver.Policy.ExtrinsicReward.sum": {
            "value": -918.3401947915554,
            "min": -928.5585290193558,
            "max": -242.60868459939957,
            "count": 3
        },
        "CarDriver.IsTraining.mean": {
            "value": 1.0,
            "min": 1.0,
            "max": 1.0,
            "count": 3
        },
        "CarDriver.IsTraining.sum": {
            "value": 1.0,
            "min": 1.0,
            "max": 1.0,
            "count": 3
        },
        "CarDriver.Losses.PolicyLoss.mean": {
            "value": 0.03461461726207441,
            "min": 0.03436190730685162,
            "max": 0.03461461726207441,
            "count": 2
        },
        "CarDriver.Losses.PolicyLoss.sum": {
            "value": 0.06922923452414882,
            "min": 0.06922923452414882,
            "max": 0.10308572192055485,
            "count": 2
        },
        "CarDriver.Losses.ValueLoss.mean": {
            "value": 3.4581332181890803,
            "min": 3.4581332181890803,
            "max": 6.761877811617322,
            "count": 2
        },
        "CarDriver.Losses.ValueLoss.sum": {
            "value": 6.9162664363781605,
            "min": 6.9162664363781605,
            "max": 20.285633434851967,
            "count": 2
        },
        "CarDriver.Policy.LearningRate.mean": {
            "value": 0.000177622615792475,
            "min": 0.000177622615792475,
            "max": 0.00017917099027635002,
            "count": 2
        },
        "CarDriver.Policy.LearningRate.sum": {
            "value": 0.00035524523158495,
            "min": 0.00035524523158495,
            "max": 0.00053751297082905,
            "count": 2
        },
        "CarDriver.Policy.Epsilon.mean": {
            "value": 0.15920752500000002,
            "min": 0.15920752500000002,
            "max": 0.15972365000000002,
            "count": 2
        },
        "CarDriver.Policy.Epsilon.sum": {
            "value": 0.31841505000000003,
            "min": 0.31841505000000003,
            "max": 0.4791709500000001,
            "count": 2
        },
        "CarDriver.Policy.Beta.mean": {
            "value": 0.0029644554975000004,
            "min": 0.0029644554975000004,
            "max": 0.0029902101350000004,
            "count": 2
        },
        "CarDriver.Policy.Beta.sum": {
            "value": 0.005928910995000001,
            "min": 0.005928910995000001,
            "max": 0.008970630405,
            "count": 2
        }
    },
    "metadata": {
        "timer_format_version": "0.1.0",
        "start_time_seconds": "1777970835",
        "python_version": "3.10.11 (main, Apr 28 2026, 11:02:17) [Clang 21.0.0 (clang-2100.0.123.102)]",
        "command_line_arguments": "/Users/wiktorpiwowar/.pyenv/versions/3.10.11/bin/mlagents-learn car_training.yaml --run-id=CarRun01 --resume",
        "mlagents_version": "1.1.0",
        "mlagents_envs_version": "1.1.0",
        "communication_protocol_version": "1.5.0",
        "pytorch_version": "2.11.0",
        "numpy_version": "1.23.5",
        "end_time_seconds": "1777970949"
    },
    "total": 114.39630045800004,
    "count": 1,
    "self": 0.003058583999518305,
    "children": {
        "run_training.setup": {
            "total": 0.01474758300173562,
            "count": 1,
            "self": 0.01474758300173562
        },
        "TrainerController.start_learning": {
            "total": 114.37849429099879,
            "count": 1,
            "self": 0.1139528808707837,
            "children": {
                "TrainerController._reset_env": {
                    "total": 5.805173750006361,
                    "count": 1,
                    "self": 5.805173750006361
                },
                "TrainerController.advance": {
                    "total": 107.8496038691228,
                    "count": 26434,
                    "self": 0.11733488032768946,
                    "children": {
                        "env_step": {
                            "total": 104.6038843235583,
                            "count": 26434,
                            "self": 101.57086522523605,
                            "children": {
                                "SubprocessEnvManager._take_step": {
                                    "total": 2.9544937152822968,
                                    "count": 26434,
                                    "self": 0.23791238607373089,
                                    "children": {
                                        "TorchPolicy.evaluate": {
                                            "total": 2.716581329208566,
                                            "count": 26434,
                                            "self": 2.716581329208566
                                        }
                                    }
                                },
                                "workers": {
                                    "total": 0.0785253830399597,
                                    "count": 26433,
                                    "self": 0.0,
                                    "children": {
                                        "worker_root": {
                                            "total": 47.325735998892924,
                                            "count": 26433,
                                            "is_parallel": true,
                                            "self": 11.865652517430135,
                                            "children": {
                                                "steps_from_proto": {
                                                    "total": 0.0012938750005559996,
                                                    "count": 1,
                                                    "is_parallel": true,