{
    "name": "root",
    "gauges": {
        "CarDriver.Policy.Entropy.mean": {
            "value": 1.1569461822509766,
            "min": 1.1569461822509766,
            "max": 1.1681246757507324,
            "count": 13
        },
        "CarDriver.Policy.Entropy.sum": {
            "value": 11584.501953125,
            "min": 7894.896484375,
            "max": 11705.234375,
            "count": 13
        },
        "CarDriver.Environment.EpisodeLength.mean": {
            "value": 46.90909090909091,
            "min": 27.407563025210084,
            "max": 77.42857142857143,
            "count": 13
        },
        "CarDriver.Environment.EpisodeLength.sum": {
            "value": 9804.0,
            "min": 6523.0,
            "max": 9949.0,
            "count": 13
        },
        "CarDriver.Step.mean": {
            "value": 789972.0,
            "min": 669993.0,
            "max": 789972.0,
            "count": 13
        },
        "CarDriver.Step.sum": {
            "value": 789972.0,
            "min": 669993.0,
            "max": 789972.0,
            "count": 13
        },
        "CarDriver.Policy.ExtrinsicValueEstimate.mean": {
            "value": 8.320907592773438,
            "min": -4.765896797180176,
            "max": 8.320907592773438,
            "count": 13
        },
        "CarDriver.Policy.ExtrinsicValueEstimate.sum": {
            "value": 1747.3905029296875,
            "min": -1219.079345703125,
            "max": 1747.3905029296875,
            "count": 13
        },
        "CarDriver.Environment.CumulativeReward.mean": {
            "value": 19.508313149926764,
            "min": 1.0830342503036627,
            "max": 19.508313149926764,
            "count": 13
        },
        "CarDriver.Environment.CumulativeReward.sum": {
            "value": 4077.237448334694,
            "min": 256.6791173219681,
            "max": 4077.237448334694,
            "count": 13
        },
        "CarDriver.Policy.ExtrinsicReward.mean": {
            "value": 19.508313149926764,
            "min": 1.0830342503036627,
            "max": 19.508313149926764,
            "count": 13
        },
        "CarDriver.Policy.ExtrinsicReward.sum": {
            "value": 4077.237448334694,
            "min": 256.6791173219681,
            "max": 4077.237448334694,
            "count": 13
        },
        "CarDriver.Losses.PolicyLoss.mean": {
            "value": 0.024162552722070053,
            "min": 0.024162552722070053,
            "max": 0.03677018984065701,
            "count": 13
        },
        "CarDriver.Losses.PolicyLoss.sum": {
            "value": 0.04832510544414011,
            "min": 0.026619851414579898,
            "max": 0.10304454730552001,
            "count": 13
        },
        "CarDriver.Losses.ValueLoss.mean": {
            "value": 4.72793277601401,
            "min": 4.72793277601401,
            "max": 11.216621590985193,
            "count": 13
        },
        "CarDriver.Losses.ValueLoss.sum": {
            "value": 9.45586555202802,
            "min": 9.45586555202802,
            "max": 33.64986477295558,
            "count": 13
        },
        "CarDriver.Policy.LearningRate.mean": {
            "value": 0.00018227966424012502,
            "min": 0.00018227966424012502,
            "max": 0.00019989378336875,
            "count": 13
        },
        "CarDriver.Policy.LearningRate.sum": {
            "value": 0.00036455932848025003,
            "min": 0.00019989378336875,
            "max": 0.00059595535134825,
            "count": 13
        },
        "CarDriver.Policy.Epsilon.mean": {
            "value": 0.160759875,
            "min": 0.160759875,
            "max": 0.16663125,
            "count": 13
        },
        "CarDriver.Policy.Epsilon.sum": {
            "value": 0.32151975,
            "min": 0.16663125,
            "max": 0.49865175,
            "count": 13
        },
        "CarDriver.Policy.Beta.mean": {
            "value": 0.0030419177625,
            "min": 0.0030419177625,
            "max": 0.0033348993750000003,
            "count": 13
        },
        "CarDriver.Policy.Beta.sum": {
            "value": 0.006083835525,
            "min": 0.0033348993750000003,
            "max": 0.009942722325000002,
            "count": 13
        },
        "CarDriver.IsTraining.mean": {
            "value": 1.0,
            "min": 1.0,
            "max": 1.0,
            "count": 13
        },
        "CarDriver.IsTraining.sum": {
            "value": 1.0,
            "min": 1.0,
            "max": 1.0,
            "count": 13
        }
    },
    "metadata": {
        "timer_format_version": "0.1.0",
        "start_time_seconds": "1777881637",
        "python_version": "3.10.11 (main, Apr 28 2026, 11:02:17) [Clang 21.0.0 (clang-2100.0.123.102)]",
        "command_line_arguments": "/Users/wiktorpiwowar/.pyenv/versions/3.10.11/bin/mlagents-learn car_training.yaml --run-id=CarRun01 --resume",
        "mlagents_version": "1.1.0",
        "mlagents_envs_version": "1.1.0",
        "communication_protocol_version": "1.5.0",
        "pytorch_version": "2.11.0",
        "numpy_version": "1.23.5",
        "end_time_seconds": "1777882179"
    },
    "total": 541.8954161250003,
    "count": 1,
    "self": 0.0026672509993659332,
    "children": {
        "run_training.setup": {
            "total": 0.02153720799833536,
            "count": 1,
            "self": 0.02153720799833536
        },
        "TrainerController.start_learning": {
            "total": 541.8712116660026,
            "count": 1,
            "self": 0.9803782637754921,
            "children": {
                "TrainerController._reset_env": {
                    "total": 6.6210717920039315,
                    "count": 1,
                    "self": 6.6210717920039315
                },
                "TrainerController.advance": {
                    "total": 533.7695590272342,
                    "count": 136323,
                    "self": 0.8636275385506451,
                    "children": {
                        "env_step": {
                            "total": 518.2587708397623,
                            "count": 136323,
                            "self": 488.6702748281532,
                            "children": {
                                "SubprocessEnvManager._take_step": {
                                    "total": 28.931151542506996,
                                    "count": 136323,
                                    "self": 2.1774555976880947,
                                    "children": {
                                        "TorchPolicy.evaluate": {
                                            "total": 26.7536959448189,
                                            "count": 134042,
                                            "self": 26.7536959448189
                                        }
                                    }
                                },
                                "workers": {
                                    "total": 0.6573444691020995,
                                    "count": 136322,
                                    "self": 0.0,
                                    "children": {
                                        "worker_root": {
                                            "total": 527.1580751123838,
                                            "count": 136322,
                                            "is_parallel": true,
                                            "self": 85.19604666619853,
                                            "children": {
                                                "steps_from_proto": {
                                                    "total": 0.00035720900632441044,
                                                    "count": 1,
                                                    "is_parallel": true,
                                                    "self": 9.391699859406799e-05,